"Severity","Rule","File","Line","Detail","Recommendation"
"High","LargeMinWidth","src\Accyourate.App\ActionEngineWindow.cs","16","MinWidth impostata a 1040 px.","Rimuovere il vincolo o migrare il contenuto a WrapPanel/schede responsive."
"High","LargeMinWidth","src\Accyourate.App\AiIntentCatalogManagerWindow.cs","27","MinWidth impostata a 1040 px.","Rimuovere il vincolo o migrare il contenuto a WrapPanel/schede responsive."
"High","LargeMinWidth","src\Accyourate.App\AnalyticsDashboardWindow.cs","29","MinWidth impostata a 1180 px.","Rimuovere il vincolo o migrare il contenuto a WrapPanel/schede responsive."
"High","LargeMinWidth","src\Accyourate.App\AppleStyleDashboardWindow.cs","34","MinWidth impostata a 1180 px.","Rimuovere il vincolo o migrare il contenuto a WrapPanel/schede responsive."
"High","LargeMinWidth","src\Accyourate.App\ArchitectureWindow.cs","26","MinWidth impostata a 1024 px.","Rimuovere il vincolo o migrare il contenuto a WrapPanel/schede responsive."
"High","HorizontalAutoScroll","src\Accyourate.App\ArchitectureWindow.cs","58","Scorrimento orizzontale automatico presente.","Verificare che sia limitato a una tabella reale e non all'intera pagina."
"High","LargeMinWidth","src\Accyourate.App\AssetManagement\Deliveries\DeliveryRegisterView.cs","97","MinWidth impostata a 1120 px.","Rimuovere il vincolo o migrare il contenuto a WrapPanel/schede responsive."
"High","HorizontalAutoScroll","src\Accyourate.App\AssetManagement\Deliveries\DeliveryRegisterView.cs","105","Scorrimento orizzontale automatico presente.","Verificare che sia limitato a una tabella reale e non all'intera pagina."
"High","RigidWideGrid","src\Accyourate.App\AssetManagement\Deliveries\DeliveryRegisterView.cs","333","Griglia con 8 colonne fisse e almeno 1010 px.","Usare AxResponsiveRecordCard oppure isolare una vera tabella in uno scorrimento dedicato."
"High","HorizontalAutoScroll","src\Accyourate.App\AssetManagement\LocationStocktakeView.cs","18","Scorrimento orizzontale automatico presente.","Verificare che sia limitato a una tabella reale e non all'intera pagina."
"High","LargeMinWidth","src\Accyourate.App\AssetManagement\LocationStocktakeView.cs","19","MinWidth impostata a 980 px.","Rimuovere il vincolo o migrare il contenuto a WrapPanel/schede responsive."
"High","RigidWideGrid","src\Accyourate.App\AssetManagement\LocationStocktakeView.cs","25","Griglia con 8 colonne fisse e almeno 1075 px.","Usare AxResponsiveRecordCard oppure isolare una vera tabella in uno scorrimento dedicato."
"High","LargeMinWidth","src\Accyourate.App\AssetManagement\MaintenanceOperationsView.cs","173","MinWidth impostata a 1190 px.","Rimuovere il vincolo o migrare il contenuto a WrapPanel/schede responsive."
"High","HorizontalAutoScroll","src\Accyourate.App\AssetManagement\MaintenanceOperationsView.cs","180","Scorrimento orizzontale automatico presente.","Verificare che sia limitato a una tabella reale e non all'intera pagina."
"High","RigidWideGrid","src\Accyourate.App\AssetManagement\MaintenanceOperationsView.cs","888","Griglia con 12 colonne fisse e almeno 1375 px.","Usare AxResponsiveRecordCard oppure isolare una vera tabella in uno scorrimento dedicato."
"High","HorizontalAutoScroll","src\Accyourate.App\AssetManagement\MaintenancePurchasingView.cs","71","Scorrimento orizzontale automatico presente.","Verificare che sia limitato a una tabella reale e non all'intera pagina."
"High","LargeMinWidth","src\Accyourate.App\AssetManagement\MaintenancePurchasingView.cs","112","MinWidth impostata a 1120 px.","Rimuovere il vincolo o migrare il contenuto a WrapPanel/schede responsive."
"High","LargeMinWidth","src\Accyourate.App\AssetManagement\MaintenancePurchasingView.cs","131","MinWidth impostata a 900 px.","Rimuovere il vincolo o migrare il contenuto a WrapPanel/schede responsive."
"High","RigidWideGrid","src\Accyourate.App\AssetManagement\MaintenancePurchasingView.cs","137","Griglia con 6 colonne fisse e almeno 930 px.","Usare AxResponsiveRecordCard oppure isolare una vera tabella in uno scorrimento dedicato."
"High","RigidWideGrid","src\Accyourate.App\AssetManagement\MaintenancePurchasingView.cs","275","Griglia con 9 colonne fisse e almeno 1050 px.","Usare AxResponsiveRecordCard oppure isolare una vera tabella in uno scorrimento dedicato."
"High","HorizontalAutoScroll","src\Accyourate.App\AssetManagement\SparePartLocationsView.cs","31","Scorrimento orizzontale automatico presente.","Verificare che sia limitato a una tabella reale e non all'intera pagina."
"High","LargeMinWidth","src\Accyourate.App\AssetManagement\SparePartLocationsView.cs","39","MinWidth impostata a 1000 px.","Rimuovere il vincolo o migrare il contenuto a WrapPanel/schede responsive."
"High","RigidWideGrid","src\Accyourate.App\AssetManagement\SparePartLocationsView.cs","65","Griglia con 8 colonne fisse e almeno 1020 px.","Usare AxResponsiveRecordCard oppure isolare una vera tabella in uno scorrimento dedicato."
"High","LargeMinWidth","src\Accyourate.App\AssetManagement\SparePartLocationsView.cs","104","MinWidth impostata a 950 px.","Rimuovere il vincolo o migrare il contenuto a WrapPanel/schede responsive."
"High","LargeMinWidth","src\Accyourate.App\AssetManagement\SparePartLocationsView.cs","125","MinWidth impostata a 900 px.","Rimuovere il vincolo o migrare il contenuto a WrapPanel/schede responsive."
"High","LargeMinWidth","src\Accyourate.App\AssetManagement\SparePartLocationsView.cs","156","MinWidth impostata a 1040 px.","Rimuovere il vincolo o migrare il contenuto a WrapPanel/schede responsive."
"High","RigidWideGrid","src\Accyourate.App\AssetManagement\SparePartLocationsView.cs","181","Griglia con 7 colonne fisse e almeno 1115 px.","Usare AxResponsiveRecordCard oppure isolare una vera tabella in uno scorrimento dedicato."
"High","LargeMinWidth","src\Accyourate.App\AssetManagement\SparePartPickRequestsWindow.cs","25","MinWidth impostata a 980 px.","Rimuovere il vincolo o migrare il contenuto a WrapPanel/schede responsive."
"High","HorizontalAutoScroll","src\Accyourate.App\AssetManagement\SparePartPickRequestsWindow.cs","39","Scorrimento orizzontale automatico presente.","Verificare che sia limitato a una tabella reale e non all'intera pagina."
"High","LargeMinWidth","src\Accyourate.App\AssetManagement\SparePartPickRequestsWindow.cs","51","MinWidth impostata a 1220 px.","Rimuovere il vincolo o migrare il contenuto a WrapPanel/schede responsive."
"High","RigidWideGrid","src\Accyourate.App\AssetManagement\SparePartPickRequestsWindow.cs","94","Griglia con 8 colonne fisse e almeno 1320 px.","Usare AxResponsiveRecordCard oppure isolare una vera tabella in uno scorrimento dedicato."
"High","LargeMinWidth","src\Accyourate.App\AssetManagement\SparePartPickRequestsWindow.cs","127","MinWidth impostata a 1080 px.","Rimuovere il vincolo o migrare il contenuto a WrapPanel/schede responsive."
"High","RigidWideGrid","src\Accyourate.App\AssetManagement\SparePartPickRequestsWindow.cs","138","Griglia con 9 colonne fisse e almeno 1105 px.","Usare AxResponsiveRecordCard oppure isolare una vera tabella in uno scorrimento dedicato."
"High","LargeMinWidth","src\Accyourate.App\AssetManagement\SparePartQuarantineWindow.cs","21","MinWidth impostata a 1020 px.","Rimuovere il vincolo o migrare il contenuto a WrapPanel/schede responsive."
"High","HorizontalAutoScroll","src\Accyourate.App\AssetManagement\SparePartQuarantineWindow.cs","37","Scorrimento orizzontale automatico presente.","Verificare che sia limitato a una tabella reale e non all'intera pagina."
"High","LargeMinWidth","src\Accyourate.App\AssetManagement\SparePartQuarantineWindow.cs","48","MinWidth impostata a 1270 px.","Rimuovere il vincolo o migrare il contenuto a WrapPanel/schede responsive."
"High","RigidWideGrid","src\Accyourate.App\AssetManagement\SparePartQuarantineWindow.cs","68","Griglia con 8 colonne fisse e almeno 1300 px.","Usare AxResponsiveRecordCard oppure isolare una vera tabella in uno scorrimento dedicato."
"High","HorizontalAutoScroll","src\Accyourate.App\AssetManagement\SparePartReplenishmentView.cs","46","Scorrimento orizzontale automatico presente.","Verificare che sia limitato a una tabella reale e non all'intera pagina."
"High","LargeMinWidth","src\Accyourate.App\AssetManagement\SparePartReplenishmentView.cs","60","MinWidth impostata a 1230 px.","Rimuovere il vincolo o migrare il contenuto a WrapPanel/schede responsive."
"High","RigidWideGrid","src\Accyourate.App\AssetManagement\SparePartReplenishmentView.cs","158","Griglia con 8 colonne fisse e almeno 1230 px.","Usare AxResponsiveRecordCard oppure isolare una vera tabella in uno scorrimento dedicato."
"High","LargeMinWidth","src\Accyourate.App\AssetManagement\SparePartRmaWindow.cs","16","MinWidth impostata a 1080 px.","Rimuovere il vincolo o migrare il contenuto a WrapPanel/schede responsive."
"High","HorizontalAutoScroll","src\Accyourate.App\AssetManagement\SparePartRmaWindow.cs","17","Scorrimento orizzontale automatico presente.","Verificare che sia limitato a una tabella reale e non all'intera pagina."
"High","LargeMinWidth","src\Accyourate.App\AssetManagement\SparePartRmaWindow.cs","18","MinWidth impostata a 1340 px.","Rimuovere il vincolo o migrare il contenuto a WrapPanel/schede responsive."
"High","RigidWideGrid","src\Accyourate.App\AssetManagement\SparePartRmaWindow.cs","37","Griglia con 10 colonne fisse e almeno 1610 px.","Usare AxResponsiveRecordCard oppure isolare una vera tabella in uno scorrimento dedicato."
"High","LargeMinWidth","src\Accyourate.App\AssetManagement\SparePartsInventoryAdvancedDialogs.cs","111","MinWidth impostata a 900 px.","Rimuovere il vincolo o migrare il contenuto a WrapPanel/schede responsive."
"High","LargeMinWidth","src\Accyourate.App\AssetManagement\SparePartsInventoryAdvancedDialogs.cs","149","MinWidth impostata a 1080 px.","Rimuovere il vincolo o migrare il contenuto a WrapPanel/schede responsive."
"High","HorizontalAutoScroll","src\Accyourate.App\AssetManagement\SparePartsInventoryAdvancedDialogs.cs","162","Scorrimento orizzontale automatico presente.","Verificare che sia limitato a una tabella reale e non all'intera pagina."
"High","RigidWideGrid","src\Accyourate.App\AssetManagement\SparePartsInventoryAdvancedDialogs.cs","168","Griglia con 9 colonne fisse e almeno 1155 px.","Usare AxResponsiveRecordCard oppure isolare una vera tabella in uno scorrimento dedicato."
"High","LargeMinWidth","src\Accyourate.App\AssetManagement\SparePartsInventoryView.cs","61","MinWidth impostata a 1180 px.","Rimuovere il vincolo o migrare il contenuto a WrapPanel/schede responsive."
"High","HorizontalAutoScroll","src\Accyourate.App\AssetManagement\SparePartsInventoryView.cs","63","Scorrimento orizzontale automatico presente.","Verificare che sia limitato a una tabella reale e non all'intera pagina."
"High","RigidWideGrid","src\Accyourate.App\AssetManagement\SparePartsInventoryView.cs","138","Griglia con 8 colonne fisse e almeno 1450 px.","Usare AxResponsiveRecordCard oppure isolare una vera tabella in uno scorrimento dedicato."
"High","HorizontalAutoScroll","src\Accyourate.App\AssetManagement\SparePartStocktakeView.cs","35","Scorrimento orizzontale automatico presente.","Verificare che sia limitato a una tabella reale e non all'intera pagina."
"High","LargeMinWidth","src\Accyourate.App\AssetManagement\SparePartStocktakeView.cs","42","MinWidth impostata a 1080 px.","Rimuovere il vincolo o migrare il contenuto a WrapPanel/schede responsive."
"High","RigidWideGrid","src\Accyourate.App\AssetManagement\SparePartStocktakeView.cs","96","Griglia con 9 colonne fisse e almeno 1190 px.","Usare AxResponsiveRecordCard oppure isolare una vera tabella in uno scorrimento dedicato."
"High","LargeMinWidth","src\Accyourate.App\AssetManagement\SparePartStocktakeView.cs","139","MinWidth impostata a 940 px.","Rimuovere il vincolo o migrare il contenuto a WrapPanel/schede responsive."
"High","RigidWideGrid","src\Accyourate.App\AssetManagement\SparePartStocktakeView.cs","172","Griglia con 7 colonne fisse e almeno 985 px.","Usare AxResponsiveRecordCard oppure isolare una vera tabella in uno scorrimento dedicato."
"High","HorizontalAutoScroll","src\Accyourate.App\AssetManagement\SupplierCommunicationArchiveWindow.cs","19","Scorrimento orizzontale automatico presente.","Verificare che sia limitato a una tabella reale e non all'intera pagina."
"High","LargeMinWidth","src\Accyourate.App\AssetManagement\SupplierCommunicationArchiveWindow.cs","25","MinWidth impostata a 940 px.","Rimuovere il vincolo o migrare il contenuto a WrapPanel/schede responsive."
"High","LargeMinWidth","src\Accyourate.App\AssetManagement\SupplierCommunicationRegisterWindow.cs","16","MinWidth impostata a 1100 px.","Rimuovere il vincolo o migrare il contenuto a WrapPanel/schede responsive."
"High","HorizontalAutoScroll","src\Accyourate.App\AssetManagement\SupplierCommunicationRegisterWindow.cs","17","Scorrimento orizzontale automatico presente.","Verificare che sia limitato a una tabella reale e non all'intera pagina."
"High","LargeMinWidth","src\Accyourate.App\AssetManagement\SupplierCommunicationRegisterWindow.cs","27","MinWidth impostata a 1500 px.","Rimuovere il vincolo o migrare il contenuto a WrapPanel/schede responsive."
"High","RigidWideGrid","src\Accyourate.App\AssetManagement\SupplierCommunicationRegisterWindow.cs","27","Griglia con 7 colonne fisse e almeno 1295 px.","Usare AxResponsiveRecordCard oppure isolare una vera tabella in uno scorrimento dedicato."
"High","LargeMinWidth","src\Accyourate.App\AssetManagement\SupplierFollowUpDashboardWindow.cs","25","MinWidth impostata a 1050 px.","Rimuovere il vincolo o migrare il contenuto a WrapPanel/schede responsive."
"High","HorizontalAutoScroll","src\Accyourate.App\AssetManagement\SupplierFollowUpDashboardWindow.cs","70","Scorrimento orizzontale automatico presente.","Verificare che sia limitato a una tabella reale e non all'intera pagina."
"High","LargeMinWidth","src\Accyourate.App\AssetManagement\SupplierFollowUpDashboardWindow.cs","110","MinWidth impostata a 1320 px.","Rimuovere il vincolo o migrare il contenuto a WrapPanel/schede responsive."
"High","RigidWideGrid","src\Accyourate.App\AssetManagement\SupplierFollowUpDashboardWindow.cs","110","Griglia con 8 colonne fisse e almeno 1310 px.","Usare AxResponsiveRecordCard oppure isolare una vera tabella in uno scorrimento dedicato."
"High","LargeMinWidth","src\Accyourate.App\AssetManagement\SupplierRmaAuditDashboardWindow.cs","24","MinWidth impostata a 980 px.","Rimuovere il vincolo o migrare il contenuto a WrapPanel/schede responsive."
"High","LargeMinWidth","src\Accyourate.App\AssetManagement\SupplierRmaAuditScheduleWindow.cs","15","MinWidth impostata a 920 px.","Rimuovere il vincolo o migrare il contenuto a WrapPanel/schede responsive."
"High","HorizontalAutoScroll","src\Accyourate.App\AssetManagement\SupplierRmaAuditScheduleWindow.cs","16","Scorrimento orizzontale automatico presente.","Verificare che sia limitato a una tabella reale e non all'intera pagina."
"High","LargeMinWidth","src\Accyourate.App\AssetManagement\SupplierRmaAuditScheduleWindow.cs","17","MinWidth impostata a 1050 px.","Rimuovere il vincolo o migrare il contenuto a WrapPanel/schede responsive."
"High","LargeMinWidth","src\Accyourate.App\AssetManagement\SupplierRmaAuditScheduleWindow.cs","17","MinWidth impostata a 1050 px.","Rimuovere il vincolo o migrare il contenuto a WrapPanel/schede responsive."
"High","RigidWideGrid","src\Accyourate.App\AssetManagement\SupplierRmaAuditScheduleWindow.cs","26","Griglia con 6 colonne fisse e almeno 1140 px.","Usare AxResponsiveRecordCard oppure isolare una vera tabella in uno scorrimento dedicato."
"High","RigidWideGrid","src\Accyourate.App\AssetManagement\SupplierRmaAuditScheduleWindow.cs","26","Griglia con 6 colonne fisse e almeno 1040 px.","Usare AxResponsiveRecordCard oppure isolare una vera tabella in uno scorrimento dedicato."
"High","HorizontalAutoScroll","src\Accyourate.App\AssetManagement\SupplierRmaCapaAttestationRetentionAuditWindow.cs","15","Scorrimento orizzontale automatico presente.","Verificare che sia limitato a una tabella reale e non all'intera pagina."
"High","LargeMinWidth","src\Accyourate.App\AssetManagement\SupplierRmaCapaAttestationRetentionAuditWindow.cs","16","MinWidth impostata a 1180 px.","Rimuovere il vincolo o migrare il contenuto a WrapPanel/schede responsive."
"High","RigidWideGrid","src\Accyourate.App\AssetManagement\SupplierRmaCapaAttestationRetentionAuditWindow.cs","18","Griglia con 6 colonne fisse e almeno 1240 px.","Usare AxResponsiveRecordCard oppure isolare una vera tabella in uno scorrimento dedicato."
"High","RigidWideGrid","src\Accyourate.App\AssetManagement\SupplierRmaCapaDossierRegistryWindow.cs","25","Griglia con 12 colonne fisse e almeno 1775 px.","Usare AxResponsiveRecordCard oppure isolare una vera tabella in uno scorrimento dedicato."
"High","RigidWideGrid","src\Accyourate.App\AssetManagement\SupplierRmaCapaGovernanceReviewRetentionRegistryWindow.cs","174","Griglia con 9 colonne fisse e almeno 1245 px.","Usare AxResponsiveRecordCard oppure isolare una vera tabella in uno scorrimento dedicato."
"High","LargeMinWidth","src\Accyourate.App\AssetManagement\SupplierRmaCentralAuditRegisterWindow.cs","19","MinWidth impostata a 1040 px.","Rimuovere il vincolo o migrare il contenuto a WrapPanel/schede responsive."
"High","HorizontalAutoScroll","src\Accyourate.App\AssetManagement\SupplierRmaCentralAuditRegisterWindow.cs","20","Scorrimento orizzontale automatico presente.","Verificare che sia limitato a una tabella reale e non all'intera pagina."
"High","LargeMinWidth","src\Accyourate.App\AssetManagement\SupplierRmaCentralAuditRegisterWindow.cs","21","MinWidth impostata a 1250 px.","Rimuovere il vincolo o migrare il contenuto a WrapPanel/schede responsive."
"High","RigidWideGrid","src\Accyourate.App\AssetManagement\SupplierRmaCentralAuditRegisterWindow.cs","28","Griglia con 6 colonne fisse e almeno 990 px.","Usare AxResponsiveRecordCard oppure isolare una vera tabella in uno scorrimento dedicato."
"High","LargeMinWidth","src\Accyourate.App\AssetManagement\SupplierRmaComplianceWindow.cs","15","MinWidth impostata a 980 px.","Rimuovere il vincolo o migrare il contenuto a WrapPanel/schede responsive."
"High","HorizontalAutoScroll","src\Accyourate.App\AssetManagement\SupplierRmaComplianceWindow.cs","16","Scorrimento orizzontale automatico presente.","Verificare che sia limitato a una tabella reale e non all'intera pagina."
"High","LargeMinWidth","src\Accyourate.App\AssetManagement\SupplierRmaComplianceWindow.cs","17","MinWidth impostata a 1160 px.","Rimuovere il vincolo o migrare il contenuto a WrapPanel/schede responsive."
"High","LargeMinWidth","src\Accyourate.App\AssetManagement\SupplierRmaCorrectiveActionsWindow.cs","19","MinWidth impostata a 980 px.","Rimuovere il vincolo o migrare il contenuto a WrapPanel/schede responsive."
"High","HorizontalAutoScroll","src\Accyourate.App\AssetManagement\SupplierRmaCorrectiveActionsWindow.cs","20","Scorrimento orizzontale automatico presente.","Verificare che sia limitato a una tabella reale e non all'intera pagina."
"High","LargeMinWidth","src\Accyourate.App\AssetManagement\SupplierRmaCorrectiveActionsWindow.cs","21","MinWidth impostata a 1380 px.","Rimuovere il vincolo o migrare il contenuto a WrapPanel/schede responsive."
"High","RigidWideGrid","src\Accyourate.App\AssetManagement\SupplierRmaCorrectiveActionsWindow.cs","29","Griglia con 7 colonne fisse e almeno 1030 px.","Usare AxResponsiveRecordCard oppure isolare una vera tabella in uno scorrimento dedicato."
"High","LargeMinWidth","src\Accyourate.App\AssetManagement\SupplierRmaDetailWindow.cs","15","MinWidth impostata a 900 px.","Rimuovere il vincolo o migrare il contenuto a WrapPanel/schede responsive."
"High","LargeMinWidth","src\Accyourate.App\AssetManagement\SupplierRmaPerformanceWindow.cs","22","MinWidth impostata a 1050 px.","Rimuovere il vincolo o migrare il contenuto a WrapPanel/schede responsive."
"High","HorizontalAutoScroll","src\Accyourate.App\AssetManagement\SupplierRmaPerformanceWindow.cs","34","Scorrimento orizzontale automatico presente.","Verificare che sia limitato a una tabella reale e non all'intera pagina."
"High","LargeMinWidth","src\Accyourate.App\AssetManagement\SupplierRmaPerformanceWindow.cs","42","MinWidth impostata a 1240 px.","Rimuovere il vincolo o migrare il contenuto a WrapPanel/schede responsive."
"High","RigidWideGrid","src\Accyourate.App\AssetManagement\SupplierRmaPerformanceWindow.cs","56","Griglia con 12 colonne fisse e almeno 1260 px.","Usare AxResponsiveRecordCard oppure isolare una vera tabella in uno scorrimento dedicato."
"High","LargeMinWidth","src\Accyourate.App\AssetManagement\SupplierRmaPortalWindow.cs","17","MinWidth impostata a 1040 px.","Rimuovere il vincolo o migrare il contenuto a WrapPanel/schede responsive."
"High","HorizontalAutoScroll","src\Accyourate.App\AssetManagement\SupplierRmaPortalWindow.cs","20","Scorrimento orizzontale automatico presente.","Verificare che sia limitato a una tabella reale e non all'intera pagina."
"High","LargeMinWidth","src\Accyourate.App\AssetManagement\SupplierRmaPortalWindow.cs","20","MinWidth impostata a 1510 px.","Rimuovere il vincolo o migrare il contenuto a WrapPanel/schede responsive."
"High","RigidWideGrid","src\Accyourate.App\AssetManagement\SupplierRmaPortalWindow.cs","20","Griglia con 7 colonne fisse e almeno 1190 px.","Usare AxResponsiveRecordCard oppure isolare una vera tabella in uno scorrimento dedicato."
"High","LargeMinWidth","src\Accyourate.App\AssetManagement\SupplierRmaValidationRegisterWindow.cs","25","MinWidth impostata a 920 px.","Rimuovere il vincolo o migrare il contenuto a WrapPanel/schede responsive."
"High","HorizontalAutoScroll","src\Accyourate.App\AssetManagement\SupplierRmaValidationRegisterWindow.cs","42","Scorrimento orizzontale automatico presente.","Verificare che sia limitato a una tabella reale e non all'intera pagina."
"High","LargeMinWidth","src\Accyourate.App\AssetManagement\SupplierRmaValidationRegisterWindow.cs","51","MinWidth impostata a 1120 px.","Rimuovere il vincolo o migrare il contenuto a WrapPanel/schede responsive."
"High","LargeMinWidth","src\Accyourate.App\AssetsWindow.cs","43","MinWidth impostata a 1180 px.","Rimuovere il vincolo o migrare il contenuto a WrapPanel/schede responsive."
"High","HorizontalAutoScroll","src\Accyourate.App\AssetsWindow.cs","63","Scorrimento orizzontale automatico presente.","Verificare che sia limitato a una tabella reale e non all'intera pagina."
"High","RigidWideGrid","src\Accyourate.App\AssetsWindow.cs","104","Griglia con 11 colonne fisse e almeno 1455 px.","Usare AxResponsiveRecordCard oppure isolare una vera tabella in uno scorrimento dedicato."
"High","LargeMinWidth","src\Accyourate.App\BrandedHomeWindow.cs","29","MinWidth impostata a 1180 px.","Rimuovere il vincolo o migrare il contenuto a WrapPanel/schede responsive."
"High","LargeMinWidth","src\Accyourate.App\BrandedSplashLoginWindow.cs","51","MinWidth impostata a 980 px.","Rimuovere il vincolo o migrare il contenuto a WrapPanel/schede responsive."
"High","LargeMinWidth","src\Accyourate.App\BrandingCenterWindow.cs","75","MinWidth impostata a 1180 px.","Rimuovere il vincolo o migrare il contenuto a WrapPanel/schede responsive."
"High","LargeMinWidth","src\Accyourate.App\ChangePasswordWindow.cs","28","MinWidth impostata a 1024 px.","Rimuovere il vincolo o migrare il contenuto a WrapPanel/schede responsive."
"High","LargeMinWidth","src\Accyourate.App\ControlUnitWindow.cs","34","MinWidth impostata a 1024 px.","Rimuovere il vincolo o migrare il contenuto a WrapPanel/schede responsive."
"High","LargeMinWidth","src\Accyourate.App\DesignSystemShowcaseWindow.cs","16","MinWidth impostata a 1024 px.","Rimuovere il vincolo o migrare il contenuto a WrapPanel/schede responsive."
"High","LargeMinWidth","src\Accyourate.App\DiagnosticsWindow.cs","20","MinWidth impostata a 1024 px.","Rimuovere il vincolo o migrare il contenuto a WrapPanel/schede responsive."
"High","LargeMinWidth","src\Accyourate.App\DocumentManagementWindow.cs","41","MinWidth impostata a 1180 px.","Rimuovere il vincolo o migrare il contenuto a WrapPanel/schede responsive."
"High","HorizontalAutoScroll","src\Accyourate.App\DocumentManagementWindow.cs","63","Scorrimento orizzontale automatico presente.","Verificare che sia limitato a una tabella reale e non all'intera pagina."
"High","RigidWideGrid","src\Accyourate.App\DocumentManagementWindow.cs","98","Griglia con 10 colonne fisse e almeno 1490 px.","Usare AxResponsiveRecordCard oppure isolare una vera tabella in uno scorrimento dedicato."
"High","RigidWideGrid","src\Accyourate.App\DocumentManagementWindow.cs","219","Griglia con 10 colonne fisse e almeno 1200 px.","Usare AxResponsiveRecordCard oppure isolare una vera tabella in uno scorrimento dedicato."
"High","RigidWideGrid","src\Accyourate.App\DocumentManagementWindow.cs","234","Griglia con 10 colonne fisse e almeno 1200 px.","Usare AxResponsiveRecordCard oppure isolare una vera tabella in uno scorrimento dedicato."
"High","LargeMinWidth","src\Accyourate.App\EmployeeDetailWindow.cs","20","MinWidth impostata a 1024 px.","Rimuovere il vincolo o migrare il contenuto a WrapPanel/schede responsive."
"High","LargeMinWidth","src\Accyourate.App\EmployeeEditWindow.cs","37","MinWidth impostata a 1024 px.","Rimuovere il vincolo o migrare il contenuto a WrapPanel/schede responsive."
"High","LargeMinWidth","src\Accyourate.App\EmployeesWindow.cs","39","MinWidth impostata a 1180 px.","Rimuovere il vincolo o migrare il contenuto a WrapPanel/schede responsive."
"High","HorizontalAutoScroll","src\Accyourate.App\EmployeesWindow.cs","53","Scorrimento orizzontale automatico presente.","Verificare che sia limitato a una tabella reale e non all'intera pagina."
"High","RigidWideGrid","src\Accyourate.App\EmployeesWindow.cs","94","Griglia con 9 colonne fisse e almeno 1245 px.","Usare AxResponsiveRecordCard oppure isolare una vera tabella in uno scorrimento dedicato."
"High","LargeMinWidth","src\Accyourate.App\EnterpriseDashboardWindow.cs","22","MinWidth impostata a 1024 px.","Rimuovere il vincolo o migrare il contenuto a WrapPanel/schede responsive."
"High","HorizontalAutoScroll","src\Accyourate.App\EnterpriseDashboardWindow.cs","36","Scorrimento orizzontale automatico presente.","Verificare che sia limitato a una tabella reale e non all'intera pagina."
"High","LargeMinWidth","src\Accyourate.App\EnterpriseShellFoundationWindow.cs","17","MinWidth impostata a 1100 px.","Rimuovere il vincolo o migrare il contenuto a WrapPanel/schede responsive."
"High","LargeMinWidth","src\Accyourate.App\EnterpriseTopBarWindow.cs","22","MinWidth impostata a 960 px.","Rimuovere il vincolo o migrare il contenuto a WrapPanel/schede responsive."
"High","LargeMinWidth","src\Accyourate.App\EnterpriseUxCenterWindow.cs","14","MinWidth impostata a 900 px.","Rimuovere il vincolo o migrare il contenuto a WrapPanel/schede responsive."
"High","LargeMinWidth","src\Accyourate.App\EnterpriseWorkspaceWindow.cs","63","MinWidth impostata a 1180 px.","Rimuovere il vincolo o migrare il contenuto a WrapPanel/schede responsive."
"High","RigidWideGrid","src\Accyourate.App\EnterpriseWorkspaceWindow.cs","131","Griglia con 7 colonne fisse e almeno 1130 px.","Usare AxResponsiveRecordCard oppure isolare una vera tabella in uno scorrimento dedicato."
"High","LargeMinWidth","src\Accyourate.App\GlobalSearchWindow.cs","22","MinWidth impostata a 1024 px.","Rimuovere il vincolo o migrare il contenuto a WrapPanel/schede responsive."
"High","LargeMinWidth","src\Accyourate.App\InfrastructureWindow.cs","28","MinWidth impostata a 1024 px.","Rimuovere il vincolo o migrare il contenuto a WrapPanel/schede responsive."
"High","HorizontalAutoScroll","src\Accyourate.App\InfrastructureWindow.cs","42","Scorrimento orizzontale automatico presente.","Verificare che sia limitato a una tabella reale e non all'intera pagina."
"High","LargeMinWidth","src\Accyourate.App\LaundryMaintenanceWindow.cs","47","MinWidth impostata a 1180 px.","Rimuovere il vincolo o migrare il contenuto a WrapPanel/schede responsive."
"High","HorizontalAutoScroll","src\Accyourate.App\LaundryMaintenanceWindow.cs","67","Scorrimento orizzontale automatico presente.","Verificare che sia limitato a una tabella reale e non all'intera pagina."
"High","RigidWideGrid","src\Accyourate.App\LaundryMaintenanceWindow.cs","103","Griglia con 8 colonne fisse e almeno 1090 px.","Usare AxResponsiveRecordCard oppure isolare una vera tabella in uno scorrimento dedicato."
"High","RigidWideGrid","src\Accyourate.App\LaundryMaintenanceWindow.cs","145","Griglia con 10 colonne fisse e almeno 1420 px.","Usare AxResponsiveRecordCard oppure isolare una vera tabella in uno scorrimento dedicato."
"High","RigidWideGrid","src\Accyourate.App\LaundryMaintenanceWindow.cs","244","Griglia con 8 colonne fisse e almeno 990 px.","Usare AxResponsiveRecordCard oppure isolare una vera tabella in uno scorrimento dedicato."
"High","RigidWideGrid","src\Accyourate.App\LaundryMaintenanceWindow.cs","257","Griglia con 8 colonne fisse e almeno 990 px.","Usare AxResponsiveRecordCard oppure isolare una vera tabella in uno scorrimento dedicato."
"High","RigidWideGrid","src\Accyourate.App\LaundryMaintenanceWindow.cs","278","Griglia con 8 colonne fisse e almeno 1100 px.","Usare AxResponsiveRecordCard oppure isolare una vera tabella in uno scorrimento dedicato."
"High","RigidWideGrid","src\Accyourate.App\LaundryMaintenanceWindow.cs","291","Griglia con 8 colonne fisse e almeno 1100 px.","Usare AxResponsiveRecordCard oppure isolare una vera tabella in uno scorrimento dedicato."
"High","LargeMinWidth","src\Accyourate.App\LoginWindow.cs","27","MinWidth impostata a 1024 px.","Rimuovere il vincolo o migrare il contenuto a WrapPanel/schede responsive."
"High","LargeMinWidth","src\Accyourate.App\MainWindow.cs","61","MinWidth impostata a 1120 px.","Rimuovere il vincolo o migrare il contenuto a WrapPanel/schede responsive."
"High","LargeMinWidth","src\Accyourate.App\MedicalDevicesWindow.cs","39","MinWidth impostata a 1180 px.","Rimuovere il vincolo o migrare il contenuto a WrapPanel/schede responsive."
"High","HorizontalAutoScroll","src\Accyourate.App\MedicalDevicesWindow.cs","53","Scorrimento orizzontale automatico presente.","Verificare che sia limitato a una tabella reale e non all'intera pagina."
"High","RigidWideGrid","src\Accyourate.App\MedicalDevicesWindow.cs","94","Griglia con 10 colonne fisse e almeno 1275 px.","Usare AxResponsiveRecordCard oppure isolare una vera tabella in uno scorrimento dedicato."
"High","LargeMinWidth","src\Accyourate.App\MedicalDeviceTwinWindow.cs","22","MinWidth impostata a 1024 px.","Rimuovere il vincolo o migrare il contenuto a WrapPanel/schede responsive."
"High","HorizontalAutoScroll","src\Accyourate.App\MedicalDeviceTwinWindow.cs","35","Scorrimento orizzontale automatico presente.","Verificare che sia limitato a una tabella reale e non all'intera pagina."
"High","LargeMinWidth","src\Accyourate.App\NotificationsWindow.cs","13","MinWidth impostata a 900 px.","Rimuovere il vincolo o migrare il contenuto a WrapPanel/schede responsive."
"High","LargeMinWidth","src\Accyourate.App\ProductionQualityWindow.cs","43","MinWidth impostata a 1180 px.","Rimuovere il vincolo o migrare il contenuto a WrapPanel/schede responsive."
"High","HorizontalAutoScroll","src\Accyourate.App\ProductionQualityWindow.cs","59","Scorrimento orizzontale automatico presente.","Verificare che sia limitato a una tabella reale e non all'intera pagina."
"High","RigidWideGrid","src\Accyourate.App\ProductionQualityWindow.cs","91","Griglia con 10 colonne fisse e almeno 1300 px.","Usare AxResponsiveRecordCard oppure isolare una vera tabella in uno scorrimento dedicato."
"High","RigidWideGrid","src\Accyourate.App\ProductionQualityWindow.cs","154","Griglia con 8 colonne fisse e almeno 940 px.","Usare AxResponsiveRecordCard oppure isolare una vera tabella in uno scorrimento dedicato."
"High","RigidWideGrid","src\Accyourate.App\ProductionQualityWindow.cs","159","Griglia con 8 colonne fisse e almeno 940 px.","Usare AxResponsiveRecordCard oppure isolare una vera tabella in uno scorrimento dedicato."
"High","RigidWideGrid","src\Accyourate.App\ProductionQualityWindow.cs","172","Griglia con 9 colonne fisse e almeno 1110 px.","Usare AxResponsiveRecordCard oppure isolare una vera tabella in uno scorrimento dedicato."
"High","RigidWideGrid","src\Accyourate.App\ProductionQualityWindow.cs","177","Griglia con 9 colonne fisse e almeno 1110 px.","Usare AxResponsiveRecordCard oppure isolare una vera tabella in uno scorrimento dedicato."
"High","LargeMinWidth","src\Accyourate.App\SettingsWindow.cs","22","MinWidth impostata a 1024 px.","Rimuovere il vincolo o migrare il contenuto a WrapPanel/schede responsive."
"High","HorizontalAutoScroll","src\Accyourate.App\SettingsWindow.cs","36","Scorrimento orizzontale automatico presente.","Verificare che sia limitato a una tabella reale e non all'intera pagina."
"High","LargeMinWidth","src\Accyourate.App\Shared\UI\ResponsiveUi.cs","9","MinWidth impostata a 1024 px.","Rimuovere il vincolo o migrare il contenuto a WrapPanel/schede responsive."
"High","HorizontalAutoScroll","src\Accyourate.App\Shared\UI\ResponsiveUi.cs","26","Scorrimento orizzontale automatico presente.","Verificare che sia limitato a una tabella reale e non all'intera pagina."
"High","LargeMinWidth","src\Accyourate.App\TextileItemWindow.cs","37","MinWidth impostata a 1024 px.","Rimuovere il vincolo o migrare il contenuto a WrapPanel/schede responsive."
"High","LargeMinWidth","src\Accyourate.App\ThemePersonalizationWindow.cs","46","MinWidth impostata a 980 px.","Rimuovere il vincolo o migrare il contenuto a WrapPanel/schede responsive."
"High","LargeMinWidth","src\Accyourate.App\UsersWindow.cs","30","MinWidth impostata a 1024 px.","Rimuovere il vincolo o migrare il contenuto a WrapPanel/schede responsive."
"High","HorizontalAutoScroll","src\Accyourate.App\UsersWindow.cs","44","Scorrimento orizzontale automatico presente.","Verificare che sia limitato a una tabella reale e non all'intera pagina."
"High","LargeMinWidth","src\Accyourate.App\WarehouseLogisticsWindow.cs","51","MinWidth impostata a 1180 px.","Rimuovere il vincolo o migrare il contenuto a WrapPanel/schede responsive."
"High","HorizontalAutoScroll","src\Accyourate.App\WarehouseLogisticsWindow.cs","72","Scorrimento orizzontale automatico presente.","Verificare che sia limitato a una tabella reale e non all'intera pagina."
"High","RigidWideGrid","src\Accyourate.App\WarehouseLogisticsWindow.cs","136","Griglia con 7 colonne fisse e almeno 1050 px.","Usare AxResponsiveRecordCard oppure isolare una vera tabella in uno scorrimento dedicato."
"High","RigidWideGrid","src\Accyourate.App\WarehouseLogisticsWindow.cs","171","Griglia con 7 colonne fisse e almeno 990 px.","Usare AxResponsiveRecordCard oppure isolare una vera tabella in uno scorrimento dedicato."
"High","RigidWideGrid","src\Accyourate.App\WarehouseLogisticsWindow.cs","310","Griglia con 8 colonne fisse e almeno 1080 px.","Usare AxResponsiveRecordCard oppure isolare una vera tabella in uno scorrimento dedicato."
"High","RigidWideGrid","src\Accyourate.App\WarehouseLogisticsWindow.cs","323","Griglia con 8 colonne fisse e almeno 1080 px.","Usare AxResponsiveRecordCard oppure isolare una vera tabella in uno scorrimento dedicato."
"High","RigidWideGrid","src\Accyourate.App\WarehouseLogisticsWindow.cs","344","Griglia con 8 colonne fisse e almeno 980 px.","Usare AxResponsiveRecordCard oppure isolare una vera tabella in uno scorrimento dedicato."
"High","RigidWideGrid","src\Accyourate.App\WarehouseLogisticsWindow.cs","357","Griglia con 8 colonne fisse e almeno 980 px.","Usare AxResponsiveRecordCard oppure isolare una vera tabella in uno scorrimento dedicato."
"High","LargeMinWidth","src\Accyourate.App\WorkflowWindow.cs","23","MinWidth impostata a 1024 px.","Rimuovere il vincolo o migrare il contenuto a WrapPanel/schede responsive."
"High","HorizontalAutoScroll","src\Accyourate.App\WorkflowWindow.cs","37","Scorrimento orizzontale automatico presente.","Verificare che sia limitato a una tabella reale e non all'intera pagina."
"High","RigidWideGrid","src\Accyourate.App\WorkflowWindow.cs","113","Griglia con 8 colonne fisse e almeno 1140 px.","Usare AxResponsiveRecordCard oppure isolare una vera tabella in uno scorrimento dedicato."
"High","RigidWideGrid","src\Accyourate.App\WorkflowWindow.cs","134","Griglia con 8 colonne fisse e almeno 1140 px.","Usare AxResponsiveRecordCard oppure isolare una vera tabella in uno scorrimento dedicato."
"Medium","LegacyPageHeader","src\Accyourate.App\AssetManagement\AssetManagementView.cs","121","Intestazione potenzialmente basata su colonne titolo/comandi.","Usare AxResponsivePageHeader per separare titolo e barra comandi."
"Medium","LegacyPageHeader","src\Accyourate.App\AssetManagement\AssetManagementView.cs","350","Intestazione potenzialmente basata su colonne titolo/comandi.","Usare AxResponsivePageHeader per separare titolo e barra comandi."
"Medium","LegacyPageHeader","src\Accyourate.App\AssetManagement\AssetManagementView.cs","594","Intestazione potenzialmente basata su colonne titolo/comandi.","Usare AxResponsivePageHeader per separare titolo e barra comandi."
"Medium","LegacyPageHeader","src\Accyourate.App\AssetManagement\AssetManagementView.cs","634","Intestazione potenzialmente basata su colonne titolo/comandi.","Usare AxResponsivePageHeader per separare titolo e barra comandi."
"Medium","LegacyPageHeader","src\Accyourate.App\AssetManagement\AssetManagementView.cs","900","Intestazione potenzialmente basata su colonne titolo/comandi.","Usare AxResponsivePageHeader per separare titolo e barra comandi."
"Medium","LegacyPageHeader","src\Accyourate.App\AssetManagement\AssetManagementView.cs","1072","Intestazione potenzialmente basata su colonne titolo/comandi.","Usare AxResponsivePageHeader per separare titolo e barra comandi."
"Medium","LegacyPageHeader","src\Accyourate.App\AssetManagement\LocationStocktakeView.cs","18","Intestazione potenzialmente basata su colonne titolo/comandi.","Usare AxResponsivePageHeader per separare titolo e barra comandi."
"Medium","LegacyPageHeader","src\Accyourate.App\AssetManagement\LocationStocktakeView.cs","41","Intestazione potenzialmente basata su colonne titolo/comandi.","Usare AxResponsivePageHeader per separare titolo e barra comandi."
"Medium","LegacyPageHeader","src\Accyourate.App\AssetManagement\MaintenanceOperationsView.cs","53","Intestazione potenzialmente basata su colonne titolo/comandi.","Usare AxResponsivePageHeader per separare titolo e barra comandi."
"Medium","LegacyPageHeader","src\Accyourate.App\AssetManagement\MaintenanceOperationsView.cs","486","Intestazione potenzialmente basata su colonne titolo/comandi.","Usare AxResponsivePageHeader per separare titolo e barra comandi."
"Medium","LegacyPageHeader","src\Accyourate.App\AssetManagement\MaintenancePurchasingView.cs","39","Intestazione potenzialmente basata su colonne titolo/comandi.","Usare AxResponsivePageHeader per separare titolo e barra comandi."
"Medium","LegacyPageHeader","src\Accyourate.App\AssetManagement\SparePartLocationsView.cs","134","Intestazione potenzialmente basata su colonne titolo/comandi.","Usare AxResponsivePageHeader per separare titolo e barra comandi."
"Medium","LegacyPageHeader","src\Accyourate.App\AssetManagement\SparePartPickRequestsWindow.cs","31","Intestazione potenzialmente basata su colonne titolo/comandi.","Usare AxResponsivePageHeader per separare titolo e barra comandi."
"Medium","LegacyPageHeader","src\Accyourate.App\AssetManagement\SparePartQuarantineWindow.cs","28","Intestazione potenzialmente basata su colonne titolo/comandi.","Usare AxResponsivePageHeader per separare titolo e barra comandi."
"Medium","LegacyPageHeader","src\Accyourate.App\AssetManagement\SparePartReplenishmentView.cs","32","Intestazione potenzialmente basata su colonne titolo/comandi.","Usare AxResponsivePageHeader per separare titolo e barra comandi."
"Medium","LegacyPageHeader","src\Accyourate.App\AssetManagement\SparePartRmaWindow.cs","17","Intestazione potenzialmente basata su colonne titolo/comandi.","Usare AxResponsivePageHeader per separare titolo e barra comandi."
"Medium","LegacyPageHeader","src\Accyourate.App\AssetManagement\SparePartsInventoryView.cs","31","Intestazione potenzialmente basata su colonne titolo/comandi.","Usare AxResponsivePageHeader per separare titolo e barra comandi."
"Medium","LegacyPageHeader","src\Accyourate.App\AssetManagement\SparePartStocktakeView.cs","26","Intestazione potenzialmente basata su colonne titolo/comandi.","Usare AxResponsivePageHeader per separare titolo e barra comandi."
"Medium","LegacyPageHeader","src\Accyourate.App\AssetManagement\SparePartStocktakeView.cs","128","Intestazione potenzialmente basata su colonne titolo/comandi.","Usare AxResponsivePageHeader per separare titolo e barra comandi."
"Medium","LegacyPageHeader","src\Accyourate.App\AssetManagement\SupplierCommunicationArchiveWindow.cs","19","Intestazione potenzialmente basata su colonne titolo/comandi.","Usare AxResponsivePageHeader per separare titolo e barra comandi."
"Medium","LegacyPageHeader","src\Accyourate.App\AssetManagement\SupplierCommunicationRegisterWindow.cs","17","Intestazione potenzialmente basata su colonne titolo/comandi.","Usare AxResponsivePageHeader per separare titolo e barra comandi."
"Medium","LegacyPageHeader","src\Accyourate.App\AssetManagement\SupplierEmailComposerWindow.cs","17","Intestazione potenzialmente basata su colonne titolo/comandi.","Usare AxResponsivePageHeader per separare titolo e barra comandi."
"Medium","LegacyPageHeader","src\Accyourate.App\AssetManagement\SupplierFollowUpDashboardWindow.cs","45","Intestazione potenzialmente basata su colonne titolo/comandi.","Usare AxResponsivePageHeader per separare titolo e barra comandi."
"Medium","LegacyPageHeader","src\Accyourate.App\AssetManagement\SupplierRmaAuditDashboardWindow.cs","39","Intestazione potenzialmente basata su colonne titolo/comandi.","Usare AxResponsivePageHeader per separare titolo e barra comandi."
"Medium","LegacyPageHeader","src\Accyourate.App\AssetManagement\SupplierRmaAuditScheduleWindow.cs","16","Intestazione potenzialmente basata su colonne titolo/comandi.","Usare AxResponsivePageHeader per separare titolo e barra comandi."
"Medium","LegacyPageHeader","src\Accyourate.App\AssetManagement\SupplierRmaCapaAttestationRetentionAuditWindow.cs","15","Intestazione potenzialmente basata su colonne titolo/comandi.","Usare AxResponsivePageHeader per separare titolo e barra comandi."
"Medium","LegacyPageHeader","src\Accyourate.App\AssetManagement\SupplierRmaCapaCriticalityAssignmentRulesWindow.cs","14","Intestazione potenzialmente basata su colonne titolo/comandi.","Usare AxResponsivePageHeader per separare titolo e barra comandi."
"Medium","LegacyPageHeader","src\Accyourate.App\AssetManagement\SupplierRmaCentralAuditRegisterWindow.cs","20","Intestazione potenzialmente basata su colonne titolo/comandi.","Usare AxResponsivePageHeader per separare titolo e barra comandi."
"Medium","LegacyPageHeader","src\Accyourate.App\AssetManagement\SupplierRmaComplianceWindow.cs","16","Intestazione potenzialmente basata su colonne titolo/comandi.","Usare AxResponsivePageHeader per separare titolo e barra comandi."
"Medium","LegacyPageHeader","src\Accyourate.App\AssetManagement\SupplierRmaCorrectiveActionsWindow.cs","20","Intestazione potenzialmente basata su colonne titolo/comandi.","Usare AxResponsivePageHeader per separare titolo e barra comandi."
"Medium","LegacyPageHeader","src\Accyourate.App\AssetManagement\SupplierRmaCorrectiveActionsWindow.cs","69","Intestazione potenzialmente basata su colonne titolo/comandi.","Usare AxResponsivePageHeader per separare titolo e barra comandi."
"Medium","LegacyPageHeader","src\Accyourate.App\AssetManagement\SupplierRmaCorrectiveActionsWindow.cs","87","Intestazione potenzialmente basata su colonne titolo/comandi.","Usare AxResponsivePageHeader per separare titolo e barra comandi."
"Medium","LegacyPageHeader","src\Accyourate.App\AssetManagement\SupplierRmaDetailWindow.cs","16","Intestazione potenzialmente basata su colonne titolo/comandi.","Usare AxResponsivePageHeader per separare titolo e barra comandi."
"Medium","LegacyPageHeader","src\Accyourate.App\AssetManagement\SupplierRmaPortalWindow.cs","18","Intestazione potenzialmente basata su colonne titolo/comandi.","Usare AxResponsivePageHeader per separare titolo e barra comandi."
"Medium","LegacyPageHeader","src\Accyourate.App\AssetManagement\SupplierRmaPortalWindow.cs","20","Intestazione potenzialmente basata su colonne titolo/comandi.","Usare AxResponsivePageHeader per separare titolo e barra comandi."
"Medium","LegacyPageHeader","src\Accyourate.App\AssetManagement\SupplierRmaValidationRegisterWindow.cs","38","Intestazione potenzialmente basata su colonne titolo/comandi.","Usare AxResponsivePageHeader per separare titolo e barra comandi."
"Medium","LegacyPageHeader","src\Accyourate.App\BrandingCenterWindow.cs","140","Intestazione potenzialmente basata su colonne titolo/comandi.","Usare AxResponsivePageHeader per separare titolo e barra comandi."
"Medium","LegacyPageHeader","src\Accyourate.App\MainWindow.cs","132","Intestazione potenzialmente basata su colonne titolo/comandi.","Usare AxResponsivePageHeader per separare titolo e barra comandi."
"Medium","LegacyPageHeader","src\Accyourate.App\MainWindow.cs","872","Intestazione potenzialmente basata su colonne titolo/comandi.","Usare AxResponsivePageHeader per separare titolo e barra comandi."
"Medium","LegacyPageHeader","src\Accyourate.App\MainWindow.cs","1027","Intestazione potenzialmente basata su colonne titolo/comandi.","Usare AxResponsivePageHeader per separare titolo e barra comandi."
"Medium","LegacyPageHeader","src\Accyourate.App\Platform\Home\EnterpriseHomeView.cs","279","Intestazione potenzialmente basata su colonne titolo/comandi.","Usare AxResponsivePageHeader per separare titolo e barra comandi."
"Medium","LegacyPageHeader","src\Accyourate.App\UIFramework\DesignSystem\AxPageHeader.cs","15","Intestazione potenzialmente basata su colonne titolo/comandi.","Usare AxResponsivePageHeader per separare titolo e barra comandi."
"Medium","LegacyPageHeader","src\Accyourate.App\UIFramework\DesignSystem\AxToolbar.cs","23","Intestazione potenzialmente basata su colonne titolo/comandi.","Usare AxResponsivePageHeader per separare titolo e barra comandi."
"Low","HorizontalStackPanel","src\Accyourate.App\AssetManagement\LocationStocktakeView.cs","24","StackPanel orizzontale che non supporta il ritorno a capo.","Se contiene filtri o comandi, sostituire con WrapPanel o un componente responsive Ax*."
"Low","HorizontalStackPanel","src\Accyourate.App\AssetManagement\LocationStocktakeView.cs","41","StackPanel orizzontale che non supporta il ritorno a capo.","Se contiene filtri o comandi, sostituire con WrapPanel o un componente responsive Ax*."
"Low","HorizontalStackPanel","src\Accyourate.App\AssetManagement\MaintenanceOperationsView.cs","70","StackPanel orizzontale che non supporta il ritorno a capo.","Se contiene filtri o comandi, sostituire con WrapPanel o un componente responsive Ax*."
"Low","HorizontalStackPanel","src\Accyourate.App\AssetManagement\MaintenancePurchasingView.cs","46","StackPanel orizzontale che non supporta il ritorno a capo.","Se contiene filtri o comandi, sostituire con WrapPanel o un componente responsive Ax*."
"Low","HorizontalStackPanel","src\Accyourate.App\AssetManagement\SparePartPickRequestsWindow.cs","33","StackPanel orizzontale che non supporta il ritorno a capo.","Se contiene filtri o comandi, sostituire con WrapPanel o un componente responsive Ax*."
"Low","HorizontalStackPanel","src\Accyourate.App\AssetManagement\SparePartPickRequestsWindow.cs","61","StackPanel orizzontale che non supporta il ritorno a capo.","Se contiene filtri o comandi, sostituire con WrapPanel o un componente responsive Ax*."
"Low","HorizontalStackPanel","src\Accyourate.App\AssetManagement\SparePartQuarantineWindow.cs","56","StackPanel orizzontale che non supporta il ritorno a capo.","Se contiene filtri o comandi, sostituire con WrapPanel o un componente responsive Ax*."
"Low","HorizontalStackPanel","src\Accyourate.App\AssetManagement\SparePartReplenishmentView.cs","117","StackPanel orizzontale che non supporta il ritorno a capo.","Se contiene filtri o comandi, sostituire con WrapPanel o un componente responsive Ax*."
"Low","HorizontalStackPanel","src\Accyourate.App\AssetManagement\SparePartRmaWindow.cs","17","StackPanel orizzontale che non supporta il ritorno a capo.","Se contiene filtri o comandi, sostituire con WrapPanel o un componente responsive Ax*."
"Low","HorizontalStackPanel","src\Accyourate.App\AssetManagement\SparePartRmaWindow.cs","20","StackPanel orizzontale che non supporta il ritorno a capo.","Se contiene filtri o comandi, sostituire con WrapPanel o un componente responsive Ax*."
"Low","HorizontalStackPanel","src\Accyourate.App\AssetManagement\SparePartRmaWindow.cs","75","StackPanel orizzontale che non supporta il ritorno a capo.","Se contiene filtri o comandi, sostituire con WrapPanel o un componente responsive Ax*."
"Low","HorizontalStackPanel","src\Accyourate.App\AssetManagement\SparePartsInventoryView.cs","35","StackPanel orizzontale che non supporta il ritorno a capo.","Se contiene filtri o comandi, sostituire con WrapPanel o un componente responsive Ax*."
"Low","HorizontalStackPanel","src\Accyourate.App\AssetManagement\SparePartsInventoryView.cs","78","StackPanel orizzontale che non supporta il ritorno a capo.","Se contiene filtri o comandi, sostituire con WrapPanel o un componente responsive Ax*."
"Low","HorizontalStackPanel","src\Accyourate.App\AssetManagement\SparePartStocktakeView.cs","28","StackPanel orizzontale che non supporta il ritorno a capo.","Se contiene filtri o comandi, sostituire con WrapPanel o un componente responsive Ax*."
"Low","HorizontalStackPanel","src\Accyourate.App\AssetManagement\SparePartStocktakeView.cs","91","StackPanel orizzontale che non supporta il ritorno a capo.","Se contiene filtri o comandi, sostituire con WrapPanel o un componente responsive Ax*."
"Low","HorizontalStackPanel","src\Accyourate.App\AssetManagement\SparePartStocktakeView.cs","127","StackPanel orizzontale che non supporta il ritorno a capo.","Se contiene filtri o comandi, sostituire con WrapPanel o un componente responsive Ax*."
"Low","HorizontalStackPanel","src\Accyourate.App\AssetManagement\SupplierCommunicationArchiveWindow.cs","19","StackPanel orizzontale che non supporta il ritorno a capo.","Se contiene filtri o comandi, sostituire con WrapPanel o un componente responsive Ax*."
"Low","HorizontalStackPanel","src\Accyourate.App\AssetManagement\SupplierCommunicationRegisterWindow.cs","17","StackPanel orizzontale che non supporta il ritorno a capo.","Se contiene filtri o comandi, sostituire con WrapPanel o un componente responsive Ax*."
"Low","HorizontalStackPanel","src\Accyourate.App\AssetManagement\SupplierCommunicationRegisterWindow.cs","22","StackPanel orizzontale che non supporta il ritorno a capo.","Se contiene filtri o comandi, sostituire con WrapPanel o un componente responsive Ax*."
"Low","HorizontalStackPanel","src\Accyourate.App\AssetManagement\SupplierFollowUpDashboardWindow.cs","47","StackPanel orizzontale che non supporta il ritorno a capo.","Se contiene filtri o comandi, sostituire con WrapPanel o un componente responsive Ax*."
"Low","HorizontalStackPanel","src\Accyourate.App\AssetManagement\SupplierFollowUpDashboardWindow.cs","53","StackPanel orizzontale che non supporta il ritorno a capo.","Se contiene filtri o comandi, sostituire con WrapPanel o un componente responsive Ax*."
"Low","HorizontalStackPanel","src\Accyourate.App\AssetManagement\SupplierFollowUpDashboardWindow.cs","86","StackPanel orizzontale che non supporta il ritorno a capo.","Se contiene filtri o comandi, sostituire con WrapPanel o un componente responsive Ax*."
"Low","HorizontalStackPanel","src\Accyourate.App\AssetManagement\SupplierRmaAuditDashboardWindow.cs","31","StackPanel orizzontale che non supporta il ritorno a capo.","Se contiene filtri o comandi, sostituire con WrapPanel o un componente responsive Ax*."
"Low","HorizontalStackPanel","src\Accyourate.App\AssetManagement\SupplierRmaAuditScheduleWindow.cs","16","StackPanel orizzontale che non supporta il ritorno a capo.","Se contiene filtri o comandi, sostituire con WrapPanel o un componente responsive Ax*."
"Low","HorizontalStackPanel","src\Accyourate.App\AssetManagement\SupplierRmaAuditScheduleWindow.cs","19","StackPanel orizzontale che non supporta il ritorno a capo.","Se contiene filtri o comandi, sostituire con WrapPanel o un componente responsive Ax*."
"Low","HorizontalStackPanel","src\Accyourate.App\AssetManagement\SupplierRmaCapaDossierRegistryWindow.cs","51","StackPanel orizzontale che non supporta il ritorno a capo.","Se contiene filtri o comandi, sostituire con WrapPanel o un componente responsive Ax*."
"Low","HorizontalStackPanel","src\Accyourate.App\AssetManagement\SupplierRmaCapaGovernanceDashboardWindow.cs","75","StackPanel orizzontale che non supporta il ritorno a capo.","Se contiene filtri o comandi, sostituire con WrapPanel o un componente responsive Ax*."
"Low","HorizontalStackPanel","src\Accyourate.App\AssetManagement\SupplierRmaCapaGovernanceGoalsWindow.cs","7","StackPanel orizzontale che non supporta il ritorno a capo.","Se contiene filtri o comandi, sostituire con WrapPanel o un componente responsive Ax*."
"Low","HorizontalStackPanel","src\Accyourate.App\AssetManagement\SupplierRmaCapaGovernanceReviewsWindow.cs","21","StackPanel orizzontale che non supporta il ritorno a capo.","Se contiene filtri o comandi, sostituire con WrapPanel o un componente responsive Ax*."
"Low","HorizontalStackPanel","src\Accyourate.App\AssetManagement\SupplierRmaCapaGovernanceReviewsWindow.cs","31","StackPanel orizzontale che non supporta il ritorno a capo.","Se contiene filtri o comandi, sostituire con WrapPanel o un componente responsive Ax*."
"Low","HorizontalStackPanel","src\Accyourate.App\AssetManagement\SupplierRmaCapaGovernanceReviewsWindow.cs","39","StackPanel orizzontale che non supporta il ritorno a capo.","Se contiene filtri o comandi, sostituire con WrapPanel o un componente responsive Ax*."
"Low","HorizontalStackPanel","src\Accyourate.App\AssetManagement\SupplierRmaCentralAuditRegisterWindow.cs","20","StackPanel orizzontale che non supporta il ritorno a capo.","Se contiene filtri o comandi, sostituire con WrapPanel o un componente responsive Ax*."
"Low","HorizontalStackPanel","src\Accyourate.App\AssetManagement\SupplierRmaComplianceWindow.cs","16","StackPanel orizzontale che non supporta il ritorno a capo.","Se contiene filtri o comandi, sostituire con WrapPanel o un componente responsive Ax*."
"Low","HorizontalStackPanel","src\Accyourate.App\AssetManagement\SupplierRmaComplianceWindow.cs","19","StackPanel orizzontale che non supporta il ritorno a capo.","Se contiene filtri o comandi, sostituire con WrapPanel o un componente responsive Ax*."
"Low","HorizontalStackPanel","src\Accyourate.App\AssetManagement\SupplierRmaCorrectiveActionsWindow.cs","20","StackPanel orizzontale che non supporta il ritorno a capo.","Se contiene filtri o comandi, sostituire con WrapPanel o un componente responsive Ax*."
"Low","HorizontalStackPanel","src\Accyourate.App\AssetManagement\SupplierRmaCorrectiveActionsWindow.cs","23","StackPanel orizzontale che non supporta il ritorno a capo.","Se contiene filtri o comandi, sostituire con WrapPanel o un componente responsive Ax*."
"Low","HorizontalStackPanel","src\Accyourate.App\AssetManagement\SupplierRmaCorrectiveActionsWindow.cs","53","StackPanel orizzontale che non supporta il ritorno a capo.","Se contiene filtri o comandi, sostituire con WrapPanel o un componente responsive Ax*."
"Low","HorizontalStackPanel","src\Accyourate.App\AssetManagement\SupplierRmaCorrectiveActionsWindow.cs","87","StackPanel orizzontale che non supporta il ritorno a capo.","Se contiene filtri o comandi, sostituire con WrapPanel o un componente responsive Ax*."
"Low","HorizontalStackPanel","src\Accyourate.App\AssetManagement\SupplierRmaDetailWindow.cs","16","StackPanel orizzontale che non supporta il ritorno a capo.","Se contiene filtri o comandi, sostituire con WrapPanel o un componente responsive Ax*."
"Low","HorizontalStackPanel","src\Accyourate.App\AssetManagement\SupplierRmaPerformanceWindow.cs","52","StackPanel orizzontale che non supporta il ritorno a capo.","Se contiene filtri o comandi, sostituire con WrapPanel o un componente responsive Ax*."
"Low","HorizontalStackPanel","src\Accyourate.App\AssetManagement\SupplierRmaPortalWindow.cs","18","StackPanel orizzontale che non supporta il ritorno a capo.","Se contiene filtri o comandi, sostituire con WrapPanel o un componente responsive Ax*."
"Low","HorizontalStackPanel","src\Accyourate.App\AssetManagement\SupplierRmaPortalWindow.cs","20","StackPanel orizzontale che non supporta il ritorno a capo.","Se contiene filtri o comandi, sostituire con WrapPanel o un componente responsive Ax*."
